country,1972,1973,1974,1975,1976,1977,1978,1979,1980,1981,1982,1983,1984,1985,1986,1987,1988,1989,1990,1991,1992,1993,1994,1995,1996,1997,1998,1999,2000,2001,2002,2003,2004,2005,2006,2007,2008,2009,2010,2011,2012,2013,2014,2015,2016,2017,2018,2019,2020
Afghanistan,,,,,,,,,,,,,,,,,,,,,,,,,,,,,,,,,,,6.97,5.28,6.09,8.48,9.17,8.92,7.71,7.12,6.88,7.59,9.5,9.9,,,
Angola,,,,,,,,,,,,,,,,,,,,,,,,,,,,16.3,28.7,29.2,15.5,17.2,18.1,17.1,23.4,21.5,25.7,18.4,16.6,16.1,14.8,14.2,13.5,11,9.73,9.22,9.64,10.1,
Albania,,,,,,,,,,,,,,,,,,,,,,,,13.6,8.86,9.9,14.6,,,,16.5,17.2,18,,,,,,,18,17.5,16.5,18.3,18.5,17.6,18.9,18.5,18.1,17
UAE,,,,,,,,,,,,,,,,,,,,,,,,,,0.992,1.08,1.12,,,,,,,,,,,,0.321,0.354,0.361,0.346,0.0558,0.0421,0.0656,0.0586,0.972,0.682
Argentina,,,,,,,,,,,,,,,,,,,4.84,5.01,5.55,8.02,8.13,8.05,8.17,8.69,9.03,9.08,9.62,9.32,9.82,12.5,13.1,13.1,12.9,12.4,13.3,12.4,12.9,12.7,13,12.5,12.6,12.3,12.1,10.9,9.99,10.6,10.9
Armenia,,,,,,,,,,,,,,,,,,,,,,,,,,,,,,,,,14,14.3,14.4,16,17.3,16.5,17.1,17.2,17.5,21.6,21.6,20.9,21.3,20.8,20.9,22.3,21.9
Australia,17.8,17,18.1,19.9,20.3,20.5,20.4,19.8,20.4,21.5,21.6,21.7,21,22.5,22.6,23.2,23.1,22.6,22.4,22.3,20.6,20,20,21.2,21.9,22.4,22.2,22.4,23,24.9,23.6,24.3,24.3,24.8,24.5,24.1,24.2,22,20.5,20.3,21.1,22,21.9,21.9,22.3,22.1,23.2,23.4,22.6
Austria,17.9,18.2,18.4,18,17.9,18,18.8,18.6,18.6,18.9,18.2,18,19,18.1,18,17.7,18.6,17.8,18,18.2,18.9,18.9,18.3,24.6,25.9,26.8,26.9,26.6,26.2,28,27,26.6,26.3,25.5,25.1,25.4,26.1,25.2,25.3,25.4,25.9,26.4,26.4,26.8,25.4,25.4,25.4,25.6,24.2
Azerbaijan,,,,,,,,,,,,,,,,,,,,,,,25.6,18,9.85,10.7,12.7,12.7,,,,,,,,,16.4,14.1,12.2,12.2,12.8,13.4,14.2,15.6,14.6,13.2,13,14.2,
Burundi,,10.3,10.7,8.86,11.4,13.5,15,14.1,13,11.6,,,,,,,,,,15.1,15.1,14.9,15.6,16.7,13.4,11.4,14.3,13.6,,,,,,,,,,,,,,,,,,,,,
Belgium,,,,,,,,,,,,,,,,,,,,,,,,25.6,26,26.6,27.2,27,27.3,26.8,25.7,25.1,25.5,25.5,25.3,24.8,25.3,23.8,24.5,24.9,25.8,26.2,26.1,24.4,22.8,23.4,24,22.6,22
Benin,,,,,13.1,13,12.3,10.8,,,,,,,,,,,,,,,,,,,,,,,,,,,,,,,,,,,,,,,,,
Burkina Faso,,,,,,,,,,,,,,,,,,,,,,,,,,,,,,,9.66,9.86,11.3,10.4,10.8,11.3,10.5,11.1,11.3,12.2,13.9,14.9,13.7,13.3,14.1,15.3,15.3,15.5,13.3
Bangladesh,,,,,,,,,,,,,,,,,,,,,,,,,,,,,,6.61,6.69,6.97,7.05,7.14,7.04,6.92,7.66,7.5,7.83,8.69,9.02,8.96,8.64,8.5,7.32,7,7.73,7.64,7
Bulgaria,,,,,,,,,,,,,,,,,,,23.8,22.3,16.9,15.2,21.2,11.2,12.1,18.5,19.4,20,20.5,19.8,18.1,20.1,21,20.9,21.8,21.8,22,18.6,17.9,17.9,18.4,19.7,19.6,20.1,20.3,20.5,19.9,20.5,20.3
Bahrain,,,,,,,,,3.45,3.76,4.14,5.4,5.71,5.89,6.43,5.32,4.88,5.18,5.19,5.04,5.39,5.35,5.17,4.8,5.04,5.1,5.66,5.01,3.73,4.1,3.58,3.31,4.22,,,,,,,,,,,,,,,,
Bahamas,,,,,,,,,,,,,,,,,,,13.9,13.6,15.4,15.4,16.7,17.3,17,10.4,9.97,10.3,10.7,9.86,9,9.29,9.43,10,11.2,11.4,12.1,11.3,10.8,13,12,11.7,11.2,12.7,14.2,14.9,14.4,16.7,19.2
Bosnia and Herzegovina,,,,,,,,,,,,,,,,,,,,,,,,,,,,,,,,,,19.9,21.7,21.4,20.3,18.9,19.7,20.3,20.5,19.8,19.8,19.9,20,20.3,20.4,20.1,19
Belarus,,,,,,,,,,,,,,,,,,,,,20.5,26.6,24.8,19.9,18.8,20.7,17.1,16.7,16.6,15.8,14.2,17.7,18.4,20.1,22.2,23.7,25.4,18.6,16.3,14.5,14.7,13.4,12.7,14.2,13.8,13,14.7,13.3,12
Belize,,,,,,,,,,,,,,,,,,,16.1,15.4,14.9,14.6,15,14.2,14.7,14.8,14.8,13.1,13.3,14,14.6,14.6,15,16.2,16.8,17.4,17.2,17.9,19,18.4,18.5,18.5,19.9,19.6,20.5,21.2,,,
Bolivia,,,,,,,,,,,,,,8.26,8.02,7.95,7.28,7.09,7.24,7.93,8.9,9.52,10,9.72,12.3,12.6,13.5,12,12.3,11.8,13.2,13,15,16.2,16.8,17,,,,,,,,,,,,,
Brazil,,,,,,,,,,,,,,,,,,,,,,,,,,,,,,,,,,,,,,,14.2,14.9,14.3,14.1,13.5,13.6,13.7,13.6,13.9,13.7,13
Barbados,,,,,,,,,,,,,,,,,,,,,,,,,,,,,,,,25.2,25.8,26.7,25.3,26,25.4,24.7,24.7,26,24.5,23.1,23.5,25.3,27.5,,,,
Bhutan,,,,,,,,,,,5.72,6.63,7.6,6.73,7.11,,6.22,5.41,4.6,5.15,5.27,6.49,6.19,6.9,7.85,6.79,8.31,7.36,10.4,8.8,9.54,9.64,7.91,8.58,9.27,7.7,8.63,9.47,13.5,13.8,15.1,14.7,13.7,13.3,13,12.5,16.7,15.6,13
Botswana,,,,,,,,,,,,,,,,,,,27.5,25.6,27.8,23.7,19.9,16.8,14.9,,,,,,,,,,27.5,26.6,27.9,27.7,23.9,24,28,26.7,27.1,26.3,21.6,23.9,21.7,21.1,22.3
Central African Republic,,,,,,,,,,,,,,,,,,,,,,,,,,,,,,,,,6.21,,,,8.28,7.91,8.41,7.54,8.17,,4.1,5.45,6.81,7.08,8.64,8.32,8.71
Canada,,,,,,,,,,,,,,,,,,,14.2,14.4,14.4,13.7,13.1,13.3,13.9,14.6,14.7,14.7,14.9,14.2,13.4,13.2,13.3,13.3,13.3,13.3,12.4,12.3,11.7,11.8,11.7,11.6,11.8,12.4,12.5,12.6,13.1,12.8,13.3
Switzerland,,,,,,,,,7.29,7.3,7.59,7.63,7.79,7.67,8.3,7.96,8.33,7.82,7.95,7.76,7.92,7.34,7.86,7.92,8.34,8.32,9.26,8.92,10,8.97,8.96,8.98,9.02,9.13,9.19,9.07,9.59,9.35,9.36,9.32,9.17,9.26,9.09,9.56,9.4,10.1,9.69,9.91,9.37
Chile,16.2,17.4,16.3,20.6,18.4,18.8,18.7,17.9,19,20.1,19.8,18.8,20,18.1,18,16.8,14.4,13.9,13.3,15.2,15.7,16.3,15.6,15.1,16.1,15.8,15.8,15.1,16.1,15.9,16.1,15.8,16.4,18.1,19.6,20.4,18.7,14.6,17.5,18.9,19,17.5,17,17.5,17.5,17.5,18.4,17.9,16.2
China,,,,,,,,,,,,,,,,,,,,,,,,,,,,,,,,,,8.57,9.06,9.77,10.1,10.3,10.2,10.3,10.3,9.91,9.68,9.38,9.12,9.42,9.05,8.49,8.09
Cote d'Ivoire,,,,,,,,,,,,,,,,,,,18,,,,,18.8,,,,,,9.54,10.1,9.66,10,9.87,10.3,10.7,10.7,10.5,10.2,7.57,10.6,10.6,10.1,11.2,11.6,12,11.8,12,12.1
Cameroon,,,,,,,,,,,,,,,,,,,9.77,8.91,9.75,6.55,5.9,7.18,,,9.69,9.71,,,,,,,,,,,,,11.3,11.5,12.3,12.1,11.7,11.9,12.3,12,10.9
"Congo, Dem. Rep.",9.38,9.43,10.5,8.03,6.11,6.22,5.49,7.22,8.12,7.41,6.98,7.05,8.32,10.1,8.71,8.75,9.32,10.7,,,,,,,,,,,,,,,,,,,,,,,,,,,,,,,
"Congo, Rep.",,,,,,,,,,,,,,,,,,,,,,,,,,,,,,9.07,8.14,8.65,7.81,5.69,5.3,6.03,5.9,8.22,6.9,8.11,7.28,8.62,9.58,12.8,13.8,11.4,7.75,7.78,8.95
Colombia,,,,,,,,,,,,,,,,,,,,,,,,,,,13.7,13.5,11.2,,,11.3,,,,,13,12.7,12.1,14.6,13.2,14,15.7,15.8,14.4,14.9,14.7,15.1,14.2
Cape Verde,,,,,,,,,,,,,,,,,,,,,,,,,,,,,,,,,,21.1,22.7,20.9,21.3,18.4,18.4,19.7,17.9,17.8,17.1,18.8,18.6,20.1,,,
Costa Rica,11.4,12.5,13.6,12.4,12.2,12.3,12.7,11.9,11.6,12.4,12.7,15.2,14.7,13.3,13.3,14.4,14.7,13.7,13.1,10.6,12,12,11.6,12.2,12.6,12.6,12.8,13.1,12.8,13.4,13.4,13.6,13.4,13.6,13.8,14.9,15.2,13.2,13,13.2,13.1,13.4,13,13.3,13.5,13.2,13.2,13.4,12.3
Cyprus,,,,13.4,12.1,13.2,13.6,14.2,14.8,13.8,14.2,15.4,16.1,16.6,16.7,16.3,17.4,18.4,30.8,29,30.9,33.2,35.5,31.5,30.5,29.2,31.3,32.2,35.5,36.4,36.6,37.6,37.3,39.6,41.5,48.6,46,23.2,23.1,23.1,23.3,23.5,24.7,24,23.5,23.8,24,23.3,22.4
Czech Republic,,,,,,,,,,,,,,,,,,,,,,18.7,16.7,16.2,15.3,15.1,14.4,14.9,14.5,14.7,14.6,15,15.4,14.5,14.2,14.6,13.7,13.6,13.7,14.5,14.9,15.1,14.4,14.8,14.9,15,14.8,14.8,14.3
Germany,10.8,10.9,10.5,10,10.2,10.5,10.5,10.4,10.3,10.1,9.79,9.75,10.2,10.2,9.94,10.1,9.82,10.3,9.83,11.6,11.8,11.5,11.7,11.5,10.9,10.7,10.8,11.5,11.7,11,10.8,11,10.4,10.7,10.9,11.3,11.5,11.6,11.2,11.5,11.6,11.6,11.5,11.5,11.3,11.4,11.5,11.4,10.5
Denmark,29,28.9,29.1,26.7,26.5,27.1,28.1,28.6,28.5,28,27.1,27.8,29,30.5,32.7,32.2,32.4,31.4,29.7,29.1,29.5,30.8,31.6,31.7,31.9,31.7,32,31.9,31.6,30.2,30.1,30.1,31.3,33.1,31.9,35.1,33.4,33.2,32.7,32.8,33.4,33.8,36.5,33.9,33.3,33.4,32.2,34.7,34.1
Dominican Republic,13.9,13.4,14.4,16.1,13.3,12.5,11.4,11,10.3,9.71,7.98,8.46,9.02,9.69,11.3,11.2,11.7,12.4,10.3,7.59,10.9,11.2,10.5,10.6,10.3,11.4,11.4,11.5,12.2,13.4,13.2,11.7,12.5,13.7,14,14.9,14.2,12.6,12.2,12.3,13,13.5,13.4,12.8,12.9,13,13,13.3,12.4
Ecuador,,,,,,,,,,,,,,,,,,,,,,,,,,,,,,,,,,,,,,,,,,,,,,,,13.4,12.5
Egypt,,,,20.5,17.3,25.5,23.1,21.3,,26.2,21.7,21.1,18.4,17.3,16.3,14.6,14.3,13.8,13.2,14.7,18.5,18.8,19,17.6,17.5,16,,,,,13.4,13.3,13.8,14.1,15.8,15.3,15.3,15.7,14.1,14,12.4,13.5,12.2,12.5,,,,,
Spain,8.96,9.32,8.58,8.76,9.02,8.9,9.5,9.67,9.67,9.97,9.23,10.6,10.6,12.6,14.4,15.6,15.4,16.7,15.7,15.8,16,14.9,15.1,,,,,,,,,,,,,,,,,,,,,,,13.7,14.2,13.7,13.6
Estonia,,,,,,,,,,,,,,,,,,,,,,,,22.8,21.8,22,22.1,20.9,19.7,19.2,19.6,19.8,20.2,19.1,20,20.2,19.3,21.5,19.8,19.2,20,20.2,20.7,21.6,21.8,20.9,21,21.3,20.7
Ethiopia,,,,,,,,,,,,,,,,,,,8.64,7.45,5.6,5.91,7.68,8.43,8.95,10.5,11.3,10.9,,8.08,9.71,9.12,9.68,8.72,8.26,7.81,7.81,6.58,8.16,9.21,9.38,8.76,8.81,8.35,8.09,7.6,7.52,6.66,6.2
Finland,21.8,22,21.3,22.2,24.7,24.2,22.4,21.2,21.5,22.5,22.2,22.3,22.7,23.5,24,22.7,24.2,24.6,24.4,24.4,24.9,22.4,23.1,20.7,21.9,22.6,22.7,22.4,24.2,21.9,22.5,22.1,21.8,21.8,21.4,21.1,20.5,18.9,18.6,20,20.1,20.6,20.6,20.5,20.8,20.7,20.8,20.7,19.8
Fiji,,,,,,,,,,,,,,,,,,,22.8,21.9,21.6,21.4,21.5,22.2,21.2,,,,,,,,22.3,21.5,23.4,,,,21.8,22.9,22.9,23.5,22.6,23.6,23.5,24.7,24,22.7,19.3
France,18.7,17.8,18.9,17.7,18.8,18.2,18.3,18.8,19.3,19.4,19.6,19.4,19.6,19.7,19.7,19.9,19.2,18.9,18.7,18.9,18.5,18.4,19.1,19.5,20.4,21.1,23,23.6,23.4,23.4,22.6,22.1,22.2,22.3,22.6,22.1,22,20.7,22,21.8,22.5,23.2,23.2,23.2,23.1,23.6,24.2,24.5,24.7
"Micronesia, Fed. Sts.",,,,,,,,,,,,,,,,,,,,,,,,,,,,,,,,,,,,,4.29,4.4,4.66,4.96,4.89,5.47,12.5,5.42,6,10.4,25.2,19,6.43
Gabon,,,,,,,,,,,,,,,,,,,,,,,,,,,,,,,,,,,,,,,,,14.1,16.1,15.1,12.8,11.5,11.1,10.2,11.5,
UK,23,21.1,23.7,24.3,23.8,23.3,22.2,21.9,23.9,24.6,25.9,24.6,24.8,25.1,24.5,23.2,23,22.8,24.2,24.8,24.3,23,23.8,23.2,23,23.7,25,25.4,26,25.5,24.9,24.5,25.1,25.4,25.7,25.9,26.4,24.1,25.2,25.8,25.1,25.1,24.9,25,25.3,25.5,25.5,25.1,24.7
Georgia,,,,,,,,,,,,,,,,,,,,,,,,5.41,7.88,10.6,10,11.2,11.4,11.8,11.6,10.9,15.1,16.5,18.6,21,24.2,23.5,21.4,23.2,23.7,22.5,22.5,22.8,23.5,23.3,22.4,23.1,21.4
Ghana,,,,,,,,,,,,,,,,,,,11.4,13.2,10.8,13.1,,,,,,,,17.2,17.5,18.5,21.8,21.3,12.8,13.9,13.9,12.6,13.4,14.9,15.4,10.7,11.3,11.7,11.1,11.6,12.2,12,11.3
Guinea,,,,,,,,,,,,,,,,,,11.4,12.1,10.7,10.8,,,,,,,,,,,,,,,,,,,,,,,,,,,,
Gambia,,,,,,,,,,,,,,,,,,,18.2,,,,,,,,,,,,,,,,,,,,,,,,,,,,,,
Guinea-Bissau,,,,,,,,,,,,,,,,,,,,,,,,,,,,,,,,,,,,,,,,,,,,,,10.3,,9.46,
Equatorial Guinea,,,,,,,,,,,,,,,,,,,,,,,,,,,,,,,,,,,9.67,7.55,7.79,12.8,7.59,7.02,8.74,8.52,8.3,11.5,6.38,5.98,6.17,9.3,7.85
Greece,12.9,12.5,12.6,12.7,14.1,14,14.3,13.9,13.8,12.3,14.9,15.6,14,13.8,15.6,16.4,15.1,13,15.1,,,,,18.6,18.6,19.5,20.5,21.4,22.5,20.9,21.3,19.7,19.1,20.3,20,20.2,20.2,19.8,20.4,22.5,24.3,24.1,24.9,24.9,26.7,26.5,26.9,26.2,24.7
Guatemala,,,,,,,,,,,,,,,,,,,6.87,7.33,8.31,7.82,6.77,7.71,8.53,8.7,9.37,10.2,10.1,11,12.1,11.9,11.7,11.4,12.1,12.3,11.5,10.5,10.6,11,11,11.1,10.8,10.4,10.4,9.16,10.6,10.4,9.97
Honduras,10.7,10.8,11.1,11.1,11.7,13.1,7.9,8.14,8.81,8.64,,,,,,,,,,,,,,,,,,,,,,13.7,14.5,14.5,15.2,16.4,16.1,14.2,14.4,14.8,14.7,15.1,16.5,17.3,,,,,14.8
Croatia,,,,,,,,,,,,,,,,,,,,,,,,22.6,22.3,21.6,23.5,22.7,22.2,21.3,21.6,21.1,20.3,20.4,20.7,20.6,20.3,19.4,19.5,18.9,19.5,20,19.7,20.5,21,21.2,21.5,21.7,20.6
Hungary,,,,,,,,,,,,,,,,,,,,25.5,24.1,25,24.2,23.2,22.9,20.9,20.8,21.8,22.4,21.4,20.9,20.7,20.4,19.9,19.8,21.4,23.3,23.3,22.6,21,22.9,22.9,23,23.2,23.1,22.9,22.5,22.4,22.9
Indonesia,12.4,13.8,16,16.6,17.9,17.7,17.9,20.3,21.8,21.9,20.1,18.8,17.5,18.8,14.6,15.1,15.1,16,19.1,17.2,17.1,14.4,15.9,15,14.2,16,15,16.3,,11.6,11.8,12.4,12.3,,,,13.3,11.1,10.5,11.2,11.4,11.3,10.8,10.8,10.3,9.88,10.2,9.75,8.31
India,,,8.18,9.02,9.18,8.6,9.3,9.69,9.03,9.21,9.27,9.27,9.31,10.1,10.4,10.4,10.4,10.5,9.99,10.2,9.81,8.54,8.98,9.23,9.23,9.01,8.11,8.64,8.81,8.08,8.68,9.11,9.57,10.1,11.1,12.1,11,9.81,10.4,10.2,10.8,11,9.98,10.6,11.1,11.4,12,,
Ireland,21.9,22.2,22,21.3,23.7,22.5,22.1,22,24.2,25.3,26.4,27.5,28.1,27.2,27.4,27.4,28.8,25.8,25.4,25.6,25.9,25.8,27.1,26.5,27.2,26.9,26.5,26.7,26.3,24.2,23.5,24.2,25.1,25.5,26.8,25.9,23.8,22.1,21.8,21.9,22.5,22.9,23.1,18.8,19,18.2,18.1,17.7,16.5
Iran,8.27,7.55,5.42,8.19,7.56,8.22,8.87,5.99,5.17,6.98,5.92,6.03,6.44,7.33,6.78,6.01,5.43,5.37,5.57,6.16,6.88,3.86,4.37,6.22,7.95,10.2,8.64,8.33,5.86,5.75,4.99,5.2,5.2,6.66,6.22,5.94,6.2,7.36,,,,,,,,,,,
Iraq,,,,,,,,,,,,,,,,,,,,,,,,,,,,,,,,,,,,,,,,,,,0.915,1.32,2.08,2.69,1.98,1.34,
Iceland,22.8,22.9,23.8,22.9,21.8,20.7,21.1,21.9,21.2,22.6,23,20.6,20.9,20.1,20.3,20.7,22.3,23.4,23.5,22.9,23.2,22.5,22.3,22.5,23.4,22,24,25.9,25.1,22.8,22.6,23.7,24.8,27.2,26.9,26,22.8,19.9,20.2,20.6,21.5,21.7,24.5,22.7,37.6,23.9,23,21.8,22.3
Israel,,,,,,,,,,,,,,,,,,,,,,,,25.9,25.3,25.7,24.8,24.8,26.4,25.9,24.9,24.1,24,24.6,25.3,25.3,23.3,21.4,22.1,22.3,21.7,22.6,22.9,23.1,23.1,24.2,22.7,22.1,21.9
Italy,,12.6,13.5,12.7,14.1,14.9,15.6,15.8,17.4,17.8,19.4,21.1,21,20.4,22.2,21.5,23.2,23.9,24.2,24.8,25.5,26.3,25.1,24.4,24.3,25.8,24.6,25,23.8,23.4,22.9,22.8,22.2,22,23.3,23.8,23.5,23.7,23.7,23.6,24.9,25.1,24.8,24.7,25.1,24.7,24.2,24.6,24.8
Jamaica,,,,,,,,,,,,,,,,,23.5,24.5,23.5,23.1,23.5,21.3,21.1,21.7,20.1,19.9,20.9,21.9,22.5,21.4,21.9,24.1,24.2,23.2,24,24.8,24.7,25,24.3,23.4,24.3,24,24.1,24.8,26,26.2,26.8,27.5,25.7
Jordan,,,,,,,,,,,,,,,,,,,18,17.9,23,20.9,20,20.7,21.7,19.1,18.1,18.1,19,18.7,17.5,18.2,21,24.4,24.6,24.7,17.2,16.5,15.5,14.6,14.9,14.9,15.4,15,15,14.7,14.7,14.7,15.8
Japan,,,,,,,,,,,,,,,,,,,,13.1,11.6,11.6,,,,,,,,,,,,,,,,,,,,,,,,,,,
Kazakhstan,,,,,,,,,,,,,,,,,,,,,,,,,,6.79,7.29,7.75,10.2,9.64,12.1,13.1,13.9,,,,,,15.7,18.3,13.3,16,14.2,9.84,9.92,10.3,11.7,11.8,8.32
Kenya,,,,,,,,,,,,,,,,,,,,,,,,,,,,,,,,,,,,,,,,,,,15.2,14.8,15,15.1,14.4,15.1,14.3
Kyrgyz Republic,,,,,,,,,,,,,,,,,,,,,,,,,,,,,,,,,,,,,,,,,,,17.5,16.8,16.9,17,18,16.9,14.9
Cambodia,,,,,,,,,,,,,,,,,,,,,,,,,,,,,,,8.17,7.54,8.12,7.89,8.18,9.7,10.6,9.65,10,10.2,11.1,12.1,14.6,14.6,14.8,15.8,17.1,19.7,17.9
Kiribati,,,,,,,,,,,,,,,,,,,,,,,,,,,,,,,,,,,,,,,,17.7,18.4,18.1,17.9,22.2,24.9,21.9,21.3,27.2,26.3
St. Kitts and Nevis,,,,,,,,,,,,,,,,,,,14.4,14.6,14.5,15.2,15.2,,,,,,16.5,15.7,21,21.5,21.3,20.7,20.9,21.6,20,18.9,16.3,18.1,17.9,17.8,18.5,19.6,18.3,17.4,,,15
South Korea,11.2,10.5,11.6,13.2,14.5,14.1,14.6,14.7,14.7,14.7,14.7,14.8,13.9,13.5,13.2,13.5,13.4,12.8,13.4,12.5,12.7,12.5,12.7,13,13.2,12.9,12.6,12.8,14.3,13.5,13.2,13.7,13,13.3,13.7,14.8,14.5,13.7,13.4,13.9,14.1,13.6,13.2,13.2,14,14.5,15.5,15.2,14.9
Kuwait,37.4,37.2,32.7,,,4.62,7.6,2.18,2.7,3.74,3.44,3.24,3.13,1.94,2.1,1.27,1.23,1.18,1.55,0.256,0.0858,1.09,1.42,1.15,0.965,1.17,1.49,,,,,,,,,,,,,,,,,,,,,,
Lebanon,,,,,,,,,,,,,,,,,,,,,,,,,,11.9,12.6,13.4,11.9,11.9,14.4,15.4,16.5,15.2,15,14.9,16.4,16.9,16.8,16.4,15.2,14.1,14.1,13.5,13.5,15.4,15.3,15.3,8.9
Liberia,,,,,,,,,,,,,,,,,,,,,,,,,,,,,,,,,,7.64,7.24,10.2,9.84,,11.2,11.1,13,12.5,,,,,,,
St. Lucia,,,,,,,,,,,,,,,,,,,,,,,,,,,,,17.1,16.5,16.7,16.2,17.2,17.6,17.6,18.3,18.7,19.1,18.2,18,17.1,18.1,18.1,18.7,19.2,18.2,,,
Sri Lanka,,,,,,,,,,,,,,,,,,,19,18.3,18,17.5,17.2,17.8,17,16,14.5,15,14.5,14.6,14,12.7,13.5,13.7,14.6,14.2,13.3,12.8,10.9,10.8,10.1,10.1,9.75,11.7,11.4,11.6,11.2,10.9,7.68
Lesotho,,,,,,,,,,,29,35,38.7,35.6,31.7,31.9,30.6,34.2,,27.8,28.3,29.7,29.9,28.8,27,29.2,25.1,24.7,22.9,25.8,24.2,27.1,29,28.6,33.9,39.3,38.3,40,30.3,30.2,38.1,35.9,36.3,33.8,29.3,33,31.8,31.7,18.5
Lithuania,,,,,,,,,,,,,,,,,,,,,,,,19.8,18.9,21.6,22.2,22.2,20.3,19.4,19.2,19.1,19.4,19.8,20.5,20.4,20.5,17,16,15.5,15.5,15.6,15.8,16.7,16.9,16.7,16.8,20,19.9
Luxembourg,16.7,17.2,17.7,20.7,20.3,22.8,23.7,21.9,22.3,22.8,22.9,25.5,24.9,24.9,24.2,24.4,23.6,22.6,22.9,21.6,22.2,23.8,25,24.5,24.7,25.2,25.6,25.1,25.5,25,24.8,24.6,24,25.3,23.9,24.4,23.6,23.8,23.8,24,24.4,24.6,24.7,23.3,23.8,24.5,26.6,26.5,25.1
Latvia,,,,,,,,,,,,,,,,,,,,,,,,19.3,18.7,22.3,23.7,22.7,20.7,20.7,20,20.2,20.3,21.4,22.1,21.6,20.7,18.7,19.7,20.6,21.1,21.7,22,22.4,23.5,23.5,22.8,21.3,21.8
"Macao, China",,,,,,,,,,,,,,,,,,,,,,,,,13.1,15.9,14.2,14.2,14.9,16.4,17.2,20,21.3,21,21.1,25.5,30.2,29.3,34.4,37.4,36.8,36.4,35.1,29.2,27.8,29,29.4,29.7,21.7
Morocco,,,,,,,,,,,,,,,,,,,18.7,18.4,20.7,20.2,18.9,18.4,,19.4,19.2,19.9,,,19.1,18.8,19,21,21.5,23.9,26.5,23.5,22.8,23.3,23.9,22.3,20.4,19.4,19.9,20.1,20.3,19.9,20
Moldova,,,,,,,,,,,,,,,,,,,,,,,,,12.1,18.3,18.1,15.1,14.7,12.2,12.9,14.7,16.4,18.5,19.6,20.6,20.4,17.7,15.2,15.2,15.6,15.5,16.6,16.4,16.2,17.4,17.7,17.3,17.4
Madagascar,,,,,,,,,,,,,,,,,,,7.39,5.63,6.99,6.77,6.5,6.85,,,,,,,,8.6,9.37,8.69,9.2,9.85,11.4,8.34,8.54,8.71,8.37,8.79,8.44,8.95,9.24,10,10.3,10.5,9.52
Maldives,,,,,,,,,5.12,6.89,12.2,12.6,9.26,9.99,10.3,12.3,13.6,15.1,14,14.6,15,13.7,13,13.6,13.5,14.4,14.2,14.1,13.8,9.83,9.51,9.42,10.5,11.6,11.8,12.1,11.6,9.1,,,,,,,,,,,
Mexico,7.61,7.09,8,9.18,9.04,9.95,10.7,11.3,11.4,10.5,11.2,13,12.6,12.3,11.9,12.7,11.4,12.1,11.8,11.6,11.6,9.07,8.49,8.48,8.74,8.99,8.16,8.61,9.57,,,,,,,,10,9.68,10.1,10,9.77,10.3,10.6,12.8,13.5,13,13.1,13.1,14.3
Marshall Islands,,,,,,,,,,,,,,,,,,,,,,,,,,,,,,,,,,,,,19.4,18.5,17.8,17.1,16.5,16.6,15.9,17.4,17.5,17.7,18,18.7,17.2
North Macedonia,,,,,,,,,,,,,,,,,,,,,,,,,,,,,,,,,,18.4,18.1,19.1,18.5,17.1,16.9,17,16.4,15.7,16.2,16.8,17,17.2,17.6,17.1,16.1
Mali,,,,,,,,,,,,,,,,,,,,,,,,,,,,,10.8,10.6,11.2,12.8,13.7,13.3,13.3,13.1,11.8,13,12.9,12.5,13,13,12.6,14.1,15.4,15.9,11.7,14.5,14.2
Malta,21.2,22,20.7,18.9,17.7,18.4,19.2,,19.7,19.2,18.5,17.9,16.8,17.7,17.2,16.6,17.6,17.9,42.4,43.1,44.2,45.3,42.3,50.8,45.2,47.5,43.3,47.3,45.7,48.3,51.2,53.7,54.9,58.9,60,62.5,25.8,26,25.3,25.8,25.7,25.7,26,24.3,25.2,25,25,24.7,23.7
Myanmar,,9.83,9.48,8.69,9.49,10.9,10.4,10.7,10,10.4,10.3,9.52,8.9,8.44,7.61,6.85,4.73,5.29,6.81,6.19,5.76,5.59,4.83,4.2,4.49,5.17,4.15,3.17,3.19,2.63,2.45,2.56,3.54,4.46,,,,,,,4.75,5.87,6.18,6.33,7.71,6.58,2.98,6.44,
Mongolia,,,,,,,,,,,,,,,,,,,,,11.1,17.5,11.3,9.77,9.6,10.6,8.36,9.81,13.9,14.7,13.4,18,,,28.7,23.5,21.7,16.5,19.6,18.5,15.3,15.7,12.9,11.9,11.4,13.5,16.7,16.9,14.1
Mozambique,,,,,,,,,,,,,,,,,,,,,,,,,,,,,,,,,,,,,,,14.7,17.1,19,21.8,24.3,20.3,20.3,22.2,21.4,26.9,21.8
Mauritius,,,,,20.1,19.7,17.7,16.5,18.4,17.6,16.7,19.1,19.5,18,17.8,17.8,19.3,20.1,19.6,20.3,19.2,18.1,18.3,16.1,14.8,16,16,16.7,17,15.1,15,16.1,16.2,17.3,16,15.1,17,18.1,18,18,18.6,18.1,18.1,8.76,17.6,17.9,18.4,19.4,20.7
Malawi,,,,,,,,,,,,,,,,,,,,,,,,,,,,,,,,,,,,,,14.5,15.4,15.5,13.6,14.1,15.9,15.2,15.5,12.2,12.2,12,11.7
Malaysia,,,,,,,,,,,,,,,,,,,,,,,,,19.4,19.8,16.7,14.1,13.7,17.8,17.4,15.5,15.2,14.8,14.5,14.3,14.7,14.9,13.3,14.8,15.6,15.3,14.8,14.1,13.6,12.9,12,11.9,10.9
Namibia,,,,,,,,,,,,,,,,,,,23,27,25.1,26.1,24.1,25,24,26.7,25.7,27.9,27.4,26.3,26.1,23.2,24.3,25.7,29.1,30.5,29.7,29.1,25.5,29.6,32.9,33,34.6,33.4,30.1,31.7,29.2,30.4,31.2
Niger,,,,,9.42,9.15,9.5,10.9,11.8,,,,,,,,,,,,,,,,,,,,,,,,,,,,,,,,,,,,,,,,
Nicaragua,,,,,,,,,,,,,,,,,,,26.3,18.2,19.8,19,8.99,9.4,9.49,10.6,11,10.7,10.6,9.8,10.4,11.7,12.2,12.9,13.7,13.9,13.2,13.1,13.7,14.5,15,15,15.3,15.6,16.2,16.6,15.7,17.6,17.2
Netherlands,,22.5,21.2,22.3,22.3,23.4,23.2,23.1,23.1,21.9,21.7,20.8,20.2,20.3,21.3,22.5,22.6,21.9,23.3,24.5,23.6,24.3,21.8,20.9,21.5,20.9,20.7,21.2,20.9,21.2,21.2,20.4,20.2,21.2,21.6,21.6,21.1,20.9,21,20.2,19.4,19.7,20.6,21.2,21.9,23.1,23.1,24,24.4
Norway,23,20.7,20.5,20.4,21.5,22.1,21.8,22.2,25.1,26.3,25.3,24.6,24.5,25.7,25.6,23.6,22.2,20.5,21.3,21.6,20.7,20.7,21.7,23,23.9,23.9,24,24.3,26.7,26.1,27.2,25.9,27.4,28.3,28.9,28.2,27.9,26,26.9,27.7,27,25.2,23.6,22.2,22.1,22.5,23.5,23.5,21.1
Nepal,,,,,,,,,,,,,,,,,,,7,6.62,6.48,6.65,7.73,8.99,8.72,8.72,8.64,8.42,8.74,8.8,8.56,8.65,8.97,9.18,8.78,9.77,10.4,11.8,13.4,11.6,12,13.3,14,14.7,16.1,18,19.1,19.8,15.8
Nauru,,,,,,,,,,,,,,,,,,,,,,,,,,,,,,,,,,,,,,,,,,,19,16.7,24.7,22.6,30.5,36,48.2
New Zealand,24.5,26.1,28.4,28,27.6,29.6,28.2,29.2,29.3,30.1,30.5,28.3,28.7,29.7,30.2,33.2,32.7,,,,,,,,,,,,,28.6,28.2,29.2,29.3,30.3,32,30.1,31.5,29.7,26.2,25.7,26.9,26.7,26.9,27.4,27.3,27.3,27.5,28.1,27.5
Pakistan,,10.3,11.7,10.9,11,11,11.5,12.3,13.4,13.5,12.7,12.8,13.3,12.3,13.5,,13.2,13.7,,,,,,,,12.7,12.8,13.2,9.1,,,,,,,,,,,,,,,,,,,,
Panama,,,,,,,,,,,,,,,,,,,,,,,,,,,,,,,,,,,,,,,,,,,10.3,10.1,10.4,10,9.94,9.01,8.51
Peru,12.7,10.8,11,11.6,11.2,11.7,12.5,13.8,18,15.1,14.8,11.9,13,15,13.4,9.97,9.66,7.92,10.7,11,12,12.2,13,13.7,14.2,14.4,14.2,13,12.6,12.9,12.5,13.4,13.7,14.1,15.7,16.4,16.5,14.5,15.5,16,16.5,16.4,16.7,14.9,13.8,13.2,14.3,14.5,13.2
Philippines,,,,,,,,,,,,,,,,,,,12.4,12.8,13.5,13.7,14,14.3,14.8,14.9,13.7,12.9,12.4,12.3,11.7,11.7,11.4,11.9,13.1,13,13,11.7,11.6,11.8,12.3,12.7,13,13,13.1,13.6,14,14.5,14
Palau,,,,,,,,,,,,,,,,,,,,,,,,,,,,,,,,,,,,,16.6,15.6,16.8,17.6,18.4,18.7,19.5,20.2,19.8,19.9,21.2,18.6,18.6
Papua New Guinea,,,,,,,,,,,,,,,,,,,20.1,17.7,18.3,19.9,20.6,19.7,22.5,23.7,20.5,21.8,19,24.7,21,,,,,,,,,,,,17.9,15.2,12.9,12.6,13.2,13,11.9
Poland,,,,,,,,,,,,,,,,,,,,,,,22.8,22.4,21.7,20.9,20.2,18.1,17,16.1,16.8,16.7,15.7,16.5,17.2,18.1,18.3,16.1,16.6,16.8,16.1,15.7,15.7,15.7,16.3,16.9,17.4,17.3,17.5
Portugal,,11.5,11.8,12.3,13.8,14.1,13.5,13.8,15.2,16.1,16.6,18.3,18,17.6,17.6,15.6,17,17.7,17.7,18.3,20,18.6,19.4,19.7,20.5,20.3,20.4,20.9,20.9,20.5,20.8,19.9,20,20.6,21.1,21.3,21,19.1,19.6,21.1,20.8,22.7,22.6,22.8,22.3,22.4,22.7,22.2,22
Paraguay,,,,,,,,,,,,,,,,,,,,,,,,,,,,,,,,,,8.26,8.35,7.84,8.09,8.33,8.87,9.37,9.46,8.93,9.75,9.64,9.56,9.96,10.1,10,9.52
Palestine,,,,,,,,,,,,,,,,,,,,,,,,,,,,,,,,,,4.66,4.22,4.39,4.62,4.69,5.02,4.91,4.22,4.44,5.19,5.08,5.31,5.74,18.8,,
Romania,,,,,,,,,,4.39,4.07,4.02,4.05,4.2,4.46,4.46,4.53,5.12,23.1,22.5,22.4,19.7,17.8,17.4,16.1,17,17.7,17.1,18,16.6,16.5,17.8,17.4,17.5,17.9,17.5,16.8,15.3,16.2,17.2,17.2,17.8,17.9,18.9,17.1,15.6,14.4,14.5,14.2
Russia,,,,,,,,,,,,,,,,,,,,,,,,,,,,11.2,13.7,15.8,13.6,13.3,13.2,16.6,16.6,16.6,15.8,13,13,14,13.8,12.9,13.3,10.6,9.18,10.3,11.5,10.9,10.8
Rwanda,,8.63,10.2,7.52,9.91,10.9,9.72,11.7,10.5,,,,,,,,,10.8,8.78,9.26,9.05,,,,,,,,,,,,,,,,,,,,,,13,13.3,14.4,13.5,14.2,14.6,15.1
Saudi Arabia,,,,,,,,,,,,,,,,,,,,,,,,,,,,,,,,,,,,,,,2.53,2.33,2.54,2.73,2.77,3.33,3.39,3.38,8.6,7.3,8.6
Sudan,,,,,,,,,,,,,,,,,,,,,,,,,,,6.2,6.39,,,,,,,,,,6.47,5.86,3.86,6.89,7.68,7.98,8.19,7.39,,,,
Senegal,,,,,,,,,,,,,,,,,,,,,,,,,,,,,,,,,,,,,,,,,,,,15.8,16.4,15.9,16.4,,
Singapore,14.6,14.8,15.1,16.6,16,16.7,15.9,16,17,17.9,18.9,18.8,17.7,15.7,12.7,13.1,14.1,15.7,14.5,15.2,16.1,16.3,16.6,15.8,15.9,15.3,14,14.5,14.9,14.6,12.7,12.4,11.6,11.6,11.8,12.8,13.8,13,12.8,13.1,13.6,13.3,13.6,13.1,13.3,14,13,13.2,12.9
Solomon Islands,,,,,,,,,,,,,,,,,,,,,,,,,,,,,,,,,,,,,,,,25.2,26.2,26.6,25.6,25.7,23.8,24.8,25.5,22.2,21.1
El Salvador,,,,,,,,,,,,,,,,,,,,,,,,,,,9.88,10.4,10.6,13.3,12.1,12.7,12.7,14.5,15.7,16.7,17.1,15,15.8,15.3,16.2,17.1,16.7,16.8,17.4,17.8,18.1,18.1,18.7
San Marino,,,,,,,,,,,,,,,,,,,,,,,,,,,,,,,18.1,16.9,15.9,16.9,17.2,17.6,17.7,16.9,15.6,16.2,18,17.1,18.3,17.9,16.7,16.5,18,16.9,16.1
Somalia,,,,,,,,,,,,,,,,,,,,,,,,,,,,,,,,,,,,,,,,,,,,,,0.00011,0.00013,0.00011,80µ
Serbia,,,,,,,,,,,,,,,,,,,,,,,,,,,,,,,,,,,,21.3,21.1,20,20.2,19.1,18.6,20.8,22,22.4,23.3,24.1,23.6,24,23.5
Slovak Republic,,,,,,,,,,,,,,,,,,,,,,,,23.2,21.4,20.5,20.2,19.7,18.5,17.3,17.1,17.7,17.3,18,16.8,16.7,16.4,15.5,15,16,15.5,16.7,17.4,18.1,18.1,18.6,18.5,18.6,18.5
Slovenia,,,,,,,,,,,,,,,,,,,,,,,,19.4,20.1,19.8,20.5,20.8,20.1,19.9,20.5,20.7,20.6,21.1,20.9,20.1,19.4,18,18.1,17.8,17.9,17.9,18.2,18.5,18.6,18.3,18.5,18.2,16.9
Sweden,19,17.6,17.1,16.5,19.4,20,18.3,16.8,16.3,16.7,16.4,16.8,17.7,20.2,19.1,21.6,21.7,21.3,21.6,19.7,17.1,15.4,14.8,26.7,27.3,27.5,29.7,30.3,29.9,27.9,26.8,26.9,27.3,28.6,28.6,28.5,27.5,27.2,27.4,26.6,26.3,26.5,26.5,27.1,28.1,28.1,27.9,27.4,26.6
Seychelles,,,,,,,,,,,,,,30.7,32,34.9,36,36.8,,,,35.4,32,27.6,26.9,27,26.4,27.2,26.1,,,,,27.3,24.7,23.3,22.4,25.2,27.9,31.5,30.4,28.1,29.1,28.8,30.3,31.1,31.5,,
Togo,,,,,,,,,,,,,,,,,,,,,,,,,,,,,,,,,13.1,12.9,13.9,15.4,14.2,14.4,14.5,16,15.9,16.9,18.4,19,14,13,12.7,13.2,
Thailand,11,10.2,12.6,11.2,10.8,11.6,11.7,12.4,13.1,13.5,12.6,14.1,14.1,13.7,13.6,13.6,14.8,15.6,16.9,17.4,15.6,15.4,16,16.4,16.7,16.1,13.8,12.9,13,13.1,13.5,14.5,14.9,16.1,15.6,15.1,15.4,14.2,14.9,16.4,15.4,17,15.8,16.1,15.4,14.8,14.9,14.7,14.5
Tajikistan,,,,,,,,,,,,,,,,,,,,,,,,,,,7.69,8.21,7.7,8.2,,9.7,9.82,,,,,,,,,,,,,,,,
Timor-Leste,,,,,,,,,,,,,,,,,,,,,,,,,,,,,,,,,,,,,,,110,136,148,93.9,62.8,36.1,15,20.1,25.1,22.9,
Trinidad and Tobago,,,,,29.6,32.6,28.7,29.2,35.7,34.8,,,,,,,,,,,,,,,,,,,,22.1,20.5,21.3,22,26.4,30.3,26,29.5,26.8,26.2,25.6,25,24.3,25,24.7,21.5,18.4,19.5,,
Tunisia,17.8,19,17.9,20.2,19.9,21.3,22.6,21.8,21,21.6,22.8,23.1,23,22,22.5,20.6,20.5,20.2,20,20.4,20.5,21,20.8,20.5,19.8,18.4,19.2,19.1,19.3,19.6,19.5,18.7,18.7,18.9,18.5,19.1,20.5,20,19.2,20.2,20.1,,,,,,,,
Turkey,13.4,14.3,13.2,14.7,16.3,16.7,16.5,14.6,14.3,15.3,,13.9,10.8,11.3,11.7,12.1,11,11.2,11.6,12.5,13,13.3,15.2,14,15.2,19.1,14.7,,,,,,,,,,17.5,18.1,18.9,18.6,18.1,18.4,17.9,18.2,18.3,17.7,17.3,16.5,17.6
Tanzania,,,,,,,,,,,,,,,,,,,,,,,,,,,,,,,,,,,,,,11.5,9.91,9.79,10.4,10.7,11.4,10.5,11.4,11.8,11.7,,
Uganda,,,,,,,,,,,,,,,,,,,,,,,,,,,,,,,,,,,,,,,,,,,,10.8,11.1,11.6,11.7,12.2,11.4
Ukraine,,,,,,,,,,,,,,,,,,,,,,,,,,,,13,13.6,11.7,12.6,13.2,12.8,16.5,17.1,15.8,17.1,15.8,15,17.8,17.6,16.9,17.3,20.5,19.6,20.1,20.1,19.2,19.2
Uruguay,13.7,10.4,12.7,12.2,15.5,15.8,16,14.4,15.8,16.7,14,15.1,13.9,15.9,16.8,16,15.2,14.5,16.2,16.8,17.2,19.4,19,16.9,17.4,16.8,17,15.3,14.7,15.3,15.8,17.2,17.8,17.9,19,18.4,18.2,18.7,18.9,19.1,18.8,19,18.6,18.5,21.8,18.3,18.6,18.2,18.6
USA,11.8,11.5,11.8,11.2,10.7,11.6,11.5,12,12.1,12.6,12,10.3,10.2,10.4,10.2,10.9,10.6,10.8,10.5,10.3,9.98,10.3,10.6,11,11.4,11.8,12.3,12.3,13,11.9,9.87,9.39,9.54,10.7,11.3,11.3,10.3,7.9,8.56,9.54,9.76,10.5,10.9,11.2,10.9,11.8,9.92,10,9.86
Uzbekistan,,,,,,,,,,,,,,,,,,,,,,,,,,,,,,,,,,,,,,,,12.4,13.2,13.8,13.5,13.6,13.4,11.6,14.2,12.7,14.9
St. Vincent and the Grenadines,,,,,,,,,,,,,,,,,,,18.3,19.6,18.5,18.7,19.8,19.2,20,20.6,21.2,20.7,19.7,19.4,20.7,19.8,19.6,19.7,20.8,20.9,22.6,22.4,21.7,21.4,21.8,20.4,22.5,22.7,24.4,23.7,,,
Vanuatu,,,,,,,,,,,,,,,,,,,20.2,,,,,17.9,18.6,18.1,17.7,17.1,,,,,,,,,,16.5,16.2,16.4,17.4,18.2,18.3,16.9,16.8,17.1,17.8,17.6,14.2
Samoa,,,,,,,,,,,,,,,,,,,,,,,,,,,,,,,,,,,,,,,,,20.5,22.7,23.7,22.5,23,23.5,23.8,24.4,24.4
South Africa,15,15.7,15.5,16.3,16.2,17.1,17.3,17.6,17.8,17.1,18.1,18,19.1,20.8,20.1,19.9,20.8,23.2,21.2,21,18.9,19.9,19.6,20.3,21,21.2,22,21.8,21,21.7,20.8,20.5,21.7,23,24.4,24.8,24.3,21.9,22.5,22.9,23.3,23.8,24.4,25,24.8,24.8,25,24.9,23.3
Zambia,,,,,,,,,,,,,,,,,,,19.5,17.5,18.7,15,17.2,15.7,16.1,16.1,16.2,17,,16.5,15.4,14.9,15.3,14.8,13.7,14.1,13.3,11.7,12.8,14.7,14.9,14.3,15.8,14.4,13.4,15.2,16.6,16.7,16.4
Zimbabwe,,,,,,,,,,,,,,,,,,,,,,,,,,,,,,,,,,,,,,9.2,17.4,17.9,17.8,,,17.7,15.5,15.9,7.21,,
